State,District,year,Production(T)
"Madhya Pradesh",Chhindwara,2019,1437571
"West Bengal","Dinajpur uttar",2019,955179
Karnataka,Belgaum,2019,659590
Maharashtra,Nashik,2019,291961
"Madhya Pradesh",Seoni,2019,876983
Rajasthan,Chittorgarh,2019,207095
Karnataka,Bellary,2019,683388
Karnataka,Haveri,2019,412129
Bihar,Katihar,2019,529876
Maharashtra,Jalgaon,2019,348413
"Tamil Nadu",Perambalur,2019,570177
Rajasthan,Bhilwara,2019,248264
Karnataka,Davangere,2019,458158
"Andhra Pradesh",Guntur,2019,502864
"Madhya Pradesh",Betul,2019,360403
Karnataka,Hassan,2019,422565
"West Bengal",Maldah,2019,465122
Karnataka,Chitradurga,2019,324754
Bihar,Purnia,2019,405348
"Andhra Pradesh","West godavari",2019,439808
Telangana,Warangal,2019,412475
Telangana,Nirmal,2019,399971
"Madhya Pradesh",Barwani,2019,294895
"West Bengal",Coochbehar,2019,247369
"West Bengal",Murshidabad,2019,353192
"Tamil Nadu",Salem,2019,272704
Rajasthan,Udaipur,2019,163231
Karnataka,Bagalkot,2019,241473
Telangana,Kamareddy,2019,324076
Bihar,Araria,2019,320079
Bihar,Begusarai,2019,282964
Bihar,Khagaria,2019,286266
Maharashtra,Aurangabad,2019,122092
Gujarat,Dohad,2019,259903
Telangana,Khammam,2019,295936
"Andhra Pradesh",Kurnool,2019,237135
"Madhya Pradesh",Khargone,2019,266069
Bihar,Samastipur,2019,285235
Karnataka,Shimoga,2019,241618
Bihar,Madhepura,2019,282613
Karnataka,Koppal,2019,99594
Karnataka,Gadag,2019,208625
"Madhya Pradesh",Dhar,2019,273079
Maharashtra,Ahmednagar,2019,132379
Karnataka,Bijapur,2019,166269
Telangana,Siddipet,2019,265268
"Andhra Pradesh",Srikakulam,2019,261402
Maharashtra,Jalna,2019,189051
"Uttar Pradesh",Kannauj,2019,253198
"Andhra Pradesh",Vizianagaram,2019,245470
Karnataka,Dharwad,2019,187592
"Tamil Nadu",Virudhunagar,2019,185782
"Tamil Nadu",Dindigul,2019,175019
Rajasthan,Banswara,2019,146125
Maharashtra,Solapur,2019,152837
Telangana,Nizamabad,2019,221848
"Tamil Nadu",Tiruppur,2019,215213
Punjab,Hoshiarpur,2019,197600
Maharashtra,Sangli,2019,119920
Karnataka,Chikballapur,2019,139819
Telangana,"Warangal urban",2019,176442
Telangana,Bhadradri,2019,78113
Karnataka,Mysore,2019,102602
Maharashtra,Buldhana,2019,53354
"Himachal Pradesh",Mandi,2019,128742
"Tamil Nadu",Villupuram,2019,186543
Rajasthan,Rajsamand,2019,110684
Telangana,Jagitial,2019,165858
"Tamil Nadu",Cuddalore,2019,181193
"Tamil Nadu",Thoothukudi,2019,129828
Maharashtra,Satara,2019,74294
Bihar,Bhagalpur,2019,174337
Telangana,Mahabubabad,2019,172680
Telangana,Vikarabad,2019,170359
"Uttar Pradesh",Mainpuri,2019,144375
Odisha,Nabarangpur,2019,127202
"West Bengal",Alipurduar,2019,162511
"Tamil Nadu",Erode,2019,124835
Bihar,Saharsa,2019,148874
"Andhra Pradesh",Krishna,2019,149046
Maharashtra,Dhule,2019,108425
"Tamil Nadu",Tiruchirappalli,2019,106126
Telangana,Karimnagar,2019,150596
"Madhya Pradesh",Hoshangabad,2019,150160
"Tamil Nadu",Kallakurichi,2019,53756
Rajasthan,Bundi,2019,28471
Telangana,Rangareddi,2019,147561
"Madhya Pradesh",Jhabua,2019,83177
Gujarat,"Panch mahals",2019,145176
Maharashtra,Pune,2019,134414
Karnataka,Chamarajanagar,2019,112952
"Uttar Pradesh",Kasganj,2019,129555
"Uttar Pradesh",Bulandshahr,2019,96142
"Himachal Pradesh",Kangra,2019,136597
Maharashtra,Nandurbar,2019,121971
Chhattisgarh,Balrampur,2019,93917
"Uttar Pradesh",Bahraich,2019,126734
"Uttar Pradesh",Etah,2019,121351
"Uttar Pradesh",Farrukhabad,2019,128503
"Tamil Nadu",Madurai,2019,97735
Gujarat,Aravalli,2019,125509
"Andhra Pradesh",Prakasam,2019,72999
Bihar,Muzaffarpur,2019,120028
"Madhya Pradesh",Guna,2019,32178
"Andhra Pradesh",Anantapur,2019,82442
Bihar,Supaul,2019,115021
"Tamil Nadu",Ariyalur,2019,114107
"Jammu and Kashmir",Rajauri,2019,112693
"Madhya Pradesh",Rajgarh,2019,47145
"West Bengal",Nadia,2019,106611
Rajasthan,Dungarpur,2019,65211
Bihar,"Purbi champaran",2019,109278
"Himachal Pradesh",Chamba,2019,68768
"Madhya Pradesh",Narsinghpur,2019,60565
Bihar,Kishanganj,2019,20704
Telangana,Nagarkurnool,2019,105507
"Uttar Pradesh",Jaunpur,2019,99868
Rajasthan,Pratapgarh,2019,55352
Gujarat,Chhotaudepur,2019,94292
Bihar,Vaishali,2019,85199
"Andhra Pradesh","East godavari",2019,92903
Karnataka,Tumkur,2019,72614
"Madhya Pradesh",Ratlam,2019,33080
"Himachal Pradesh",Sirmaur,2019,55159
"Madhya Pradesh",Sehore,2019,27240
"Madhya Pradesh",Burhanpur,2019,86747
"Himachal Pradesh",Hamirpur,2019,88041
"Uttar Pradesh",Hardoi,2019,77581
"Himachal Pradesh",Una,2019,87039
Gujarat,Mahisagar,2019,65028
Rajasthan,Jhalawar,2019,26450
Punjab,Rupnagar,2019,76900
Chhattisgarh,Kondagaon,2019,62307
"Madhya Pradesh",Dewas,2019,34531
Telangana,Mahbubnagar,2019,79284
Chhattisgarh,Bastar,2019,46881
Telangana,Medak,2019,78487
"Madhya Pradesh",Khandwa,2019,59403
"West Bengal",Kalimpong,2019,46806
"Himachal Pradesh",Solan,2019,59453
"Uttar Pradesh","Kanpur nagar",2019,64250
"West Bengal",Jalpaiguri,2019,48013
Telangana,Jangoan,2019,71274
Bihar,Saran,2019,69934
"Uttar Pradesh",Gonda,2019,63159
Karnataka,Chikmagalur,2019,49350
"Himachal Pradesh",Bilaspur,2019,54634
"Madhya Pradesh",Alirajpur,2019,32245
"Tamil Nadu",Thenkasi,2019,53756
Punjab,Nawanshahr,2019,33600
Telangana,Jayashankar,2019,53792
Jharkhand,Dumka,2019,52160
"Tamil Nadu",Tirunelveli,2019,63587
"Uttar Pradesh",Unnao,2019,54037
Assam,Darrang,2019,49935
"Jammu and Kashmir",Poonch,2019,60035
Rajasthan,Baran,2019,8295
Telangana,Sangareddy,2019,57618
"Uttar Pradesh",Auraiya,2019,26885
Jharkhand,Garhwa,2019,35824
"Madhya Pradesh",Neemuch,2019,27735
"Uttar Pradesh",Aligarh,2019,36282
"Jammu and Kashmir",Kathua,2019,51836
Karnataka,"Uttar kannad",2019,50908
"West Bengal","Dinajpur dakshin",2019,26670
"Uttar Pradesh","Kanpur dehat",2019,50420
"Tamil Nadu",Theni,2019,49040
"Madhya Pradesh",Dindori,2019,47664
"Jammu and Kashmir",Jammu,2019,47288
Chhattisgarh,Surguja,2019,28716
Rajasthan,Sirohi,2019,38031
Jharkhand,Deoghar,2019,26491
"Madhya Pradesh",Jabalpur,2019,23963
Rajasthan,Ajmer,2019,30091
"Uttar Pradesh",Ballia,2019,34225
Chhattisgarh,Kanker,2019,34590
"Tamil Nadu",Namakkal,2019,30818
"Madhya Pradesh",Singrauli,2019,43630
"Jammu and Kashmir",Doda,2019,43413
Gujarat,"Sabar kantha",2019,39368
Telangana,Jogulamba,2019,43030
"Himachal Pradesh",Kullu,2019,42826
Jharkhand,Palamu,2019,42823
"Madhya Pradesh",Mandla,2019,42344
Bihar,Siwan,2019,40716
Punjab,Muktsar,2019,53756
"Jammu and Kashmir",Baramulla,2019,40599
Telangana,Peddapalli,2019,40473
Maharashtra,Osmanabad,2019,27225
Jharkhand,Giridih,2019,31504
Karnataka,"Bangalore rural",2019,29257
Telangana,Mulugu,2019,38583
Odisha,Gajapati,2019,34476
Maharashtra,Amravati,2019,22011
Telangana,Wanaparthy,2019,36805
Bihar,Gopalganj,2019,36696
"Madhya Pradesh",Sagar,2019,12338
Jharkhand,Ranchi,2019,34079
"Uttar Pradesh",Lalitpur,2019,17063
Jharkhand,Bokaro,2019,21718
Jharkhand,Sahebganj,2019,33867
Chhattisgarh,Surajpur,2019,33662
Bihar,Darbhanga,2019,30556
Gujarat,"Banas kantha",2019,23511
Maharashtra,Beed,2019,9477
Jharkhand,Godda,2019,5696
"Jammu and Kashmir",Reasi,2019,31477
"Uttar Pradesh",Budaun,2019,13104
Jharkhand,Latehar,2019,26644
"Uttar Pradesh",Firozabad,2019,25319
Jharkhand,Hazaribagh,2019,23411
"Tamil Nadu",Dharmapuri,2019,18624
"Jammu and Kashmir",Kupwara,2019,29552
Jharkhand,Gumla,2019,18932
Punjab,Pathankot,2019,25800
Punjab,"S.a.s nagar",2019,22500
Jharkhand,Simdega,2019,22507
Jharkhand,Jamtara,2019,17446
"Jammu and Kashmir",Anantnag,2019,25590
Punjab,Jalandhar,2019,25500
"Uttar Pradesh","Kushi nagar",2019,24535
Sikkim,Namchi,2019,24308
Jharkhand,"East singhbum",2019,13688
Chhattisgarh,Gariyaband,2019,24304
Sikkim,Geyzing,2019,24240
Bihar,Nalanda,2019,21255
Jharkhand,Khunti,2019,3463
"Jammu and Kashmir",Ramban,2019,23575
"Madhya Pradesh",Mandsaur,2019,15068
"Tamil Nadu",Coimbatore,2019,23230
"Himachal Pradesh",Shimla,2019,23058
Maharashtra,Nanded,2019,11149
Assam,"Karbi anglong",2019,22446
Jharkhand,Chatra,2019,21002
Telangana,Adilabad,2019,21520
"Uttar Pradesh",Sonbhadra,2019,19785
"Andhra Pradesh",Visakhapatanam,2019,21252
"Tamil Nadu",Pudukkottai,2019,20944
Jharkhand,Ramgarh,2019,17765
Assam,Kamrup,2019,1428
"Uttar Pradesh",Etawah,2019,15045
Bihar,Sitamarhi,2019,19396
Nagaland,Tuensang,2019,20150
Bihar,"Pashchim champaran",2019,20143
Nagaland,Zunheboto,2019,20030
"Uttar Pradesh",Kheri,2019,10292
Uttarakhand,Dehradun,2019,15466
"Madhya Pradesh",Bhopal,2019,7106
Rajasthan,Pali,2019,13437
"Uttar Pradesh",Deoria,2019,19178
"Uttar Pradesh",Sambhal,2019,10639
"Madhya Pradesh",Anuppur,2019,18986
Odisha,Koraput,2019,6581
Jharkhand,Pakur,2019,13900
"Uttar Pradesh",Saharanpur,2019,18031
Karnataka,Mandya,2019,13454
Nagaland,Phek,2019,17584
"Jammu and Kashmir",Udhampur,2019,17382
Jharkhand,Koderma,2019,15332
Bihar,Lakhisarai,2019,16994
Chhattisgarh,Jashpur,2019,16938
Bihar,Patna,2019,16842
Maharashtra,Latur,2019,5911
"Jammu and Kashmir",Kishtwar,2019,16699
Jharkhand,Lohardaga,2019,16436
Gujarat,Vadodara,2019,13600
Karnataka,Ramanagara,2019,16060
"Madhya Pradesh",Harda,2019,12316
"Uttar Pradesh",Shravasti,2019,15881
Assam,Marigaon,2019,11663
"Uttar Pradesh",Sitapur,2019,12154
Maharashtra,Kolhapur,2019,15238
Nagaland,Kiphire,2019,15037
Chhattisgarh,Korea,2019,15055
"Tamil Nadu",Vellore,2019,14920
Sikkim,Gangtok,2019,14831
Telangana,Rajanna,2019,14827
Bihar,Banka,2019,13830
"Madhya Pradesh",Raisen,2019,12975
Gujarat,Narmada,2019,12129
"Andhra Pradesh",Chittoor,2019,11359
"Uttar Pradesh",Azamgarh,2019,14084
"Madhya Pradesh",Vidisha,2019,2542
Karnataka,"Bengaluru urban",2019,14021
"Madhya Pradesh",Shahdol,2019,12361
Rajasthan,Tonk,2019,7215
Nagaland,Dimapur,2019,13473
Jharkhand,"Saraikela kharsawan",2019,6195
Karnataka,Gulbarga,2019,13131
Odisha,Balangir,2019,1931
"Arunachal Pradesh","Lower dibang valley",2019,11360
"Jammu and Kashmir",Badgam,2019,12165
"Madhya Pradesh",Umaria,2019,11961
Haryana,Panchkula,2019,10060
Maharashtra,Gadchiroli,2019,7454
"West Bengal",Purulia,2019,8364
Nagaland,Mon,2019,11167
"West Bengal",Darjeeling,2019,9331
"Uttar Pradesh",Hathras,2019,10014
"Tamil Nadu",Thanjavur,2019,10705
Gujarat,Tapi,2019,7355
Karnataka,Kolar,2019,5920
Nagaland,Wokha,2019,10486
Chhattisgarh,Rajnandgaon,2019,7641
"Tamil Nadu",Tiruvannamalai,2019,5903
Odisha,Nuapada,2019,3293
"Madhya Pradesh",Ashoknagar,2019,3553
Tripura,Dhalai,2019,4167
"Uttar Pradesh",Barabanki,2019,4387
Manipur,Senapati,2019,53756
Jharkhand,"West singhbhum",2019,4806
"Tamil Nadu",Tirupathur,2019,53756
"Jammu and Kashmir",Kulgam,2019,9587
Odisha,Kendujhar,2019,2292
Nagaland,Kohima,2019,9154
Karnataka,Kodagu,2019,7773
"Uttar Pradesh",Sultanpur,2019,6357
Punjab,Kapurthala,2019,5700
Rajasthan,Kota,2019,801
Uttarakhand,Nainital,2019,5101
Manipur,Chandel,2019,53756
Bihar,Sheohar,2019,8694
"Andhra Pradesh",Kadapa,2019,985
"Madhya Pradesh",Shivpuri,2019,3086
"Arunachal Pradesh",Namsai,2019,7899
Bihar,Munger,2019,7832
Bihar,Jamui,2019,8225
"Tamil Nadu",Krishnagiri,2019,8092
"Madhya Pradesh",Sidhi,2019,7944
Nagaland,Mokokchung,2019,7881
Karnataka,Raichur,2019,7785
Haryana,Kurukshetra,2019,320
Meghalaya,"West garo hills",2019,7429
Odisha,Rayagada,2019,5255
Assam,Sonitpur,2019,7373
Tripura,Gomati,2019,3979
Chhattisgarh,Dhamtari,2019,3167
Assam,Bongaigaon,2019,5881
Meghalaya,"East khasi hills",2019,7068
"Madhya Pradesh",Indore,2019,4686
Punjab,Amritsar,2019,7000
Chhattisgarh,Korba,2019,6705
"Uttar Pradesh",Faizabad,2019,3967
"Madhya Pradesh","Agar malwa",2019,2361
"Jammu and Kashmir",Bandipora,2019,6623
"Uttar Pradesh",Shahjahanpur,2019,4179
Maharashtra,Parbhani,2019,3849
"Tamil Nadu",Karur,2019,6487
Manipur,Churachandpur,2019,1815
Odisha,Kalahandi,2019,1661
"Madhya Pradesh",Balaghat,2019,5656
Manipur,Ukhrul,2019,3125
Jharkhand,Dhanbad,2019,5239
Uttarakhand,Pithoragarh,2019,6205
"West Bengal",Birbhum,2019,3581
"Uttar Pradesh",Amroha,2019,4783
Nagaland,Peren,2019,6149
Nagaland,Longleng,2019,6049
"Uttar Pradesh",Hapur,2019,2732
"Uttar Pradesh",Pilibhit,2019,6052
"Uttar Pradesh",Varanasi,2019,6046
Chhattisgarh,Dantewada,2019,4764
Meghalaya,"West khasi hills",2019,6021
Tripura,"South tripura",2019,2569
Telangana,"Komaram bheem asifabad",2019,5871
Chhattisgarh,Sukma,2019,5866
Manipur,Tamenglong,2019,53756
"Madhya Pradesh",Shajapur,2019,686
Tripura,Khowai,2019,2667
"West Bengal",Jhargram,2019,4401
"Arunachal Pradesh",Lohit,2019,5329
Haryana,Yamunanagar,2019,1150
"Arunachal Pradesh","West kameng",2019,5526
Assam,Goalpara,2019,4712
Meghalaya,"West jaintia hills",2019,5387
Gujarat,Surat,2019,2510
Karnataka,Bidar,2019,2963
Chhattisgarh,Gaurella-pendra-marwahi,2019,5020
Telangana,Medchal,2019,5233
Assam,"Dima hasao",2019,5190
Bihar,Bhojpur,2019,5177
Meghalaya,"Ri bhoi",2019,5149
"West Bengal","Medinipur west",2019,3026
"Madhya Pradesh",Ujjain,2019,1788
"Madhya Pradesh",Sheopur,2019,2278
Chhattisgarh,Raigarh,2019,3178
"Arunachal Pradesh","East siang",2019,4250
Tripura,"West tripura",2019,3847
"Uttar Pradesh",Balrampur,2019,4862
Tripura,Sepahijala,2019,1828
"Arunachal Pradesh","Papum pare",2019,4528
"Arunachal Pradesh",Tirap,2019,4547
Punjab,Ludhiana,2019,4200
Manipur,Thoubal,2019,53756
Assam,Dhubri,2019,4709
"Uttar Pradesh",Maharajganj,2019,1063
Sikkim,Mangan,2019,4529
Uttarakhand,"Pauri garhwal",2019,4521
Assam,Biswanath,2019,53756
"Arunachal Pradesh",Longding,2019,4124
Telangana,Mancherial,2019,4357
Odisha,Sundargarh,2019,1029
Maharashtra,Yavatmal,2019,871
Tripura,"North tripura",2019,2882
Maharashtra,Washim,2019,1936
"Arunachal Pradesh","Lower siang",2019,3807
"Arunachal Pradesh",Siang,2019,3951
"Jammu and Kashmir",Pulwama,2019,4155
"Jammu and Kashmir",Samba,2019,4115
Rajasthan,Alwar,2019,4035
"Uttar Pradesh",Lucknow,2019,2553
"Uttar Pradesh",Gorakhpur,2019,3923
"Jammu and Kashmir",Ganderbal,2019,3881
Gujarat,Bhavnagar,2019,3843
Uttarakhand,Almora,2019,2912
"Arunachal Pradesh",Anjaw,2019,3461
Maharashtra,Hingoli,2019,1358
Meghalaya,"South west garo hills",2019,3637
Chhattisgarh,Kabirdham,2019,2895
"Andhra Pradesh","Spsr nellore",2019,3555
"Madhya Pradesh",Katni,2019,3108
Chhattisgarh,Narayanpur,2019,3233
Punjab,Firozepur,2019,3400
"West Bengal",Bankura,2019,1315
"Uttar Pradesh",Kaushambi,2019,3340
Assam,Chirang,2019,2361
Odisha,Kandhamal,2019,812
Uttarakhand,"Tehri garhwal",2019,3285
Bihar,Nawada,2019,3282
Bihar,Gaya,2019,3259
"Arunachal Pradesh","East kameng",2019,3009
Manipur,"Imphal west",2019,53756
Mizoram,Serchhip,2019,3167
Maharashtra,Akola,2019,473
"Arunachal Pradesh","Dibang valley",2019,2910
"Tamil Nadu",Ramanathapuram,2019,2290
Manipur,Bishnupur,2019,53756
Manipur,"Imphal east",2019,53756
"Madhya Pradesh",Damoh,2019,2095
Telangana,Yadadri,2019,2803
Odisha,Ganjam,2019,1074
Assam,"West karbi anglong",2019,53756
Rajasthan,Jaipur,2019,1829
"Arunachal Pradesh","Upper siang",2019,2407
Mizoram,Lawngtlai,2019,2500
"Uttar Pradesh",Basti,2019,2313
"Madhya Pradesh",Panna,2019,2515
Punjab,Patiala,2019,2200
Assam,Kokrajhar,2019,672
"Uttar Pradesh",Mathura,2019,404
Meghalaya,"South west khasi hills",2019,2320
Bihar,Sheikhpura,2019,1869
Tripura,Unakoti,2019,1036
Assam,Tinsukia,2019,1263
"Arunachal Pradesh",Tawang,2019,2180
Gujarat,Kheda,2019,1105
Bihar,Buxar,2019,1520
Assam,Nagaon,2019,2197
"Madhya Pradesh",Gwalior,2019,836
Maharashtra,Gondia,2019,264
Assam,Nalbari,2019,1184
Maharashtra,Nagpur,2019,2137
Haryana,Ambala,2019,1710
Bihar,Madhubani,2019,700
Telangana,Narayanapet,2019,2063
"Uttar Pradesh","Gautam buddha nagar",2019,1698
Chhattisgarh,Durg,2019,1529
Punjab,Moga,2019,1400
Assam,"Kamrup metro",2019,430
"Arunachal Pradesh",Changlang,2019,1736
"West Bengal","Paschim bardhaman",2019,1655
Punjab,Gurdaspur,2019,1900
Nagaland,Noklak,2019,53756
Haryana,Sonipat,2019,910
"Arunachal Pradesh","Upper subansiri",2019,1654
Meghalaya,"South garo hills",2019,1784
Uttarakhand,Haridwar,2019,512
"Uttar Pradesh",Mirzapur,2019,1151
"Uttar Pradesh",Pratapgarh,2019,1017
Meghalaya,"East garo hills",2019,1588
Odisha,Anugul,2019,1197
"West Bengal","24 paraganas north",2019,1287
"Uttar Pradesh","Ambedkar nagar",2019,1219
Assam,Barpeta,2019,1424
Mizoram,Kolasib,2019,1522
Chhattisgarh,Bijapur,2019,1220
Uttarakhand,Champawat,2019,1317
"Uttar Pradesh",Fatehpur,2019,787
Punjab,Fazilka,2019,53756
Maharashtra,Chandrapur,2019,51
"West Bengal","24 paraganas south",2019,1486
"Uttar Pradesh",Agra,2019,459
Gujarat,Dang,2019,327
"Arunachal Pradesh","Lower subansiri",2019,1342
"Uttar Pradesh","Sant kabeer nagar",2019,1248
"Uttar Pradesh",Ghazipur,2019,669
Assam,Udalguri,2019,1138
Uttarakhand,"Uttar kashi",2019,372
Chhattisgarh,Raipur,2019,1141
Bihar,Jehanabad,2019,1338
"Arunachal Pradesh","Pakke kessang",2019,1289
Odisha,Jharsuguda,2019,50
Assam,Baksa,2019,1302
Karnataka,Yadgir,2019,1285
Haryana,Hisar,2019,1280
Telangana,Nalgonda,2019,331
Odisha,Malkangiri,2019,244
Mizoram,Aizawl,2019,1209
Odisha,Nayagarh,2019,231
Assam,Dhemaji,2019,1192
"Uttar Pradesh",Amethi,2019,726
Mizoram,Mamit,2019,1175
Haryana,Karnal,2019,340
Mizoram,Champhai,2019,768
"Arunachal Pradesh",Kamle,2019,1051
Chhattisgarh,Bilaspur,2019,1129
Gujarat,Mahesana,2019,550
Punjab,Sangrur,2019,300
Punjab,"Fatehgarh sahib",2019,1100
Chhattisgarh,Janjgir-champa,2019,1054
Odisha,Deogarh,2019,319
"Arunachal Pradesh","West siang",2019,813
"Uttar Pradesh",Jhansi,2019,501
Mizoram,Lunglei,2019,1002
Chhattisgarh,Bemetara,2019,403
"Madhya Pradesh",Satna,2019,976
Odisha,Mayurbhanj,2019,563
"West Bengal",Hooghly,2019,815
"Arunachal Pradesh",Leparada,2019,810
"Uttar Pradesh","Sant ravidas nagar",2019,787
Maharashtra,Sindhudurg,2019,907
Chhattisgarh,Balod,2019,941
"Uttar Pradesh",Mau,2019,860
Gujarat,Navsari,2019,232
"Uttar Pradesh",Bareilly,2019,495
"Uttar Pradesh",Meerut,2019,817
"Madhya Pradesh",Rewa,2019,853
Maharashtra,Wardha,2019,493
"Uttar Pradesh",Jalaun,2019,4
Uttarakhand,"Rudra prayag",2019,279
Telangana,Suryapet,2019,645
Meghalaya,"East jaintia hills",2019,806
Punjab,Faridkot,2019,53756
Punjab,"Tarn taran",2019,700
Maharashtra,Bhandara,2019,53756
Mizoram,Saitual,2019,53756
Uttarakhand,"Udam singh nagar",2019,550
Assam,Hojai,2019,53756
Bihar,"Kaimur (bhabua)",2019,742
Rajasthan,"Sawai madhopur",2019,337
Assam,Lakhimpur,2019,586
"West Bengal","Medinipur east",2019,140
"Uttar Pradesh",Rampur,2019,218
"Uttar Pradesh",Ghaziabad,2019,637
Rajasthan,Dausa,2019,566
Gujarat,Gandhinagar,2019,78
Assam,"South salmara mancachar",2019,53756
"Jammu and Kashmir",Shopian,2019,604
Meghalaya,"North garo hills",2019,571
"West Bengal","Purba bardhaman",2019,565
Mizoram,Saiha,2019,325
"Arunachal Pradesh","Kra daadi",2019,488
Gujarat,Rajkot,2019,531
Haryana,Panipat,2019,60
Uttarakhand,Bageshwar,2019,494
"Arunachal Pradesh","Shi yomi",2019,348
Bihar,Arwal,2019,477
Uttarakhand,Chamoli,2019,300
"Uttar Pradesh","Rae bareli",2019,449
"Arunachal Pradesh","Kurung kumey",2019,386
"Uttar Pradesh",Allahabad,2019,392
Punjab,Mansa,2019,400
Punjab,Barnala,2019,300
Punjab,Malerkotla,2019,53756
Punjab,Bathinda,2019,53756
Haryana,Jhajjar,2019,230
"Madhya Pradesh",Niwari,2019,53756
Odisha,Sambalpur,2019,182
Assam,Majuli,2019,53756
"Uttar Pradesh","Siddharth nagar",2019,312
Haryana,Kaithal,2019,340
Mizoram,Hnahthial,2019,53756
"Madhya Pradesh",Tikamgarh,2019,307
"Tamil Nadu",Nagapattinam,2019,307
"Uttar Pradesh",Shamli,2019,263
Assam,Sivasagar,2019,110
Odisha,Dhenkanal,2019,217
Haryana,Rohtak,2019,90
"Uttar Pradesh",Moradabad,2019,285
Maharashtra,Thane,2019,53756
Chhattisgarh,"Baloda bazar",2019,157
"Tamil Nadu",Sivaganga,2019,220
"Tamil Nadu",Mayiladuthurai,2019,53756
"West Bengal",Howrah,2019,106
Chhattisgarh,Mahasamund,2019,270
Gujarat,Morbi,2019,267
Gujarat,Amreli,2019,158
"Madhya Pradesh",Chhatarpur,2019,264
"Himachal Pradesh",Kinnaur,2019,217
Gujarat,Anand,2019,164
Haryana,Fatehabad,2019,53756
Assam,Dibrugarh,2019,237
Haryana,Faridabad,2019,60
Karnataka,Udupi,2019,62
Mizoram,Khawzawl,2019,53756
Gujarat,Bharuch,2019,211
Haryana,Palwal,2019,30
Odisha,Bargarh,2019,168
Haryana,Sirsa,2019,200
Gujarat,Patan,2019,53756
Assam,Jorhat,2019,195
"Uttar Pradesh",Muzaffarnagar,2019,102
Kerala,Palakkad,2019,98
Gujarat,Kachchh,2019,32
"Jammu and Kashmir",Srinagar,2019,182
Assam,Cachar,2019,168
Assam,Golaghat,2019,171
Haryana,Bhiwani,2019,170
"Uttar Pradesh",Chandauli,2019,147
Haryana,Jind,2019,160
Odisha,Cuttack,2019,53756
"Tamil Nadu",Thiruvarur,2019,148
"Uttar Pradesh",Bijnor,2019,141
Gujarat,"Gir somnath",2019,5
Chhattisgarh,Mungeli,2019,138
Odisha,Baleshwar,2019,131
Odisha,Jajapur,2019,53756
Gujarat,Botad,2019,121
Gujarat,Junagadh,2019,120
"Tamil Nadu",Chengalpattu,2019,11
"Andaman and Nicobar Islands","North and middle andaman",2019,44
Delhi,Delhi_total,2019,102
Rajasthan,Ganganagar,2019,22
Bihar,Aurangabad,2019,101
Haryana,Rewari,2019,53756
Maharashtra,Palghar,2019,14
Haryana,Mewat,2019,90
Maharashtra,Ratnagiri,2019,60
Odisha,Khordha,2019,2
"Andaman and Nicobar Islands","South andamans",2019,13
"Madhya Pradesh",Datia,2019,79
Gujarat,Surendranagar,2019,75
"Himachal Pradesh","Lahul and spiti",2019,69
"Tamil Nadu",Thiruvallur,2019,69
Rajasthan,Jalore,2019,41
Haryana,"Charki dadri",2019,60
Odisha,Boudh,2019,50
"Uttar Pradesh",Baghpat,2019,59
"Madhya Pradesh",Morena,2019,37
Rajasthan,Nagaur,2019,10
"Tamil Nadu",Kanchipuram,2019,30
Rajasthan,Karauli,2019,26
Assam,Hailakandi,2019,50
Assam,Charaideo,2019,53756
Haryana,Gurgaon,2019,30
"Tamil Nadu",Kanniyakumari,2019,49
Assam,Karimganj,2019,19
Odisha,Sonepur,2019,43
Kerala,Idukki,2019,42
Rajasthan,Barmer,2019,28
Rajasthan,Hanumangarh,2019,14
"Uttar Pradesh",Hamirpur,2019,10
"Tamil Nadu","The nilgiris",2019,11
Chandigarh,Chandigarh,2019,24
"Uttar Pradesh",Chitrakoot,2019,12
"Uttar Pradesh",Mahoba,2019,12
Rajasthan,Jodhpur,2019,3
"Tamil Nadu",Ranipet,2019,53756
"Madhya Pradesh",Bhind,2019,12
Kerala,Wayanad,2019,53756
"Uttar Pradesh",Banda,2019,5
Odisha,Bhadrak,2019,9
Gujarat,Ahmadabad,2019,7
Rajasthan,Jhunjhunu,2019,3
Rajasthan,Dholpur,2019,53756
"Dadra and Nagar Haveli","Dadra and Nagar Haveli",2019,4
Karnataka,"Dakshin kannad",2019,53756
Rajasthan,Bikaner,2019,53756
Rajasthan,Sikar,2019,3
Rajasthan,Churu,2019,53756
Rajasthan,Bharatpur,2019,1
Odisha,Jagatsinghapur,2019,2
Kerala,Alappuzha,2019,53756
"Andaman and Nicobar Islands",Nicobars,2019,53756
Kerala,Ernakulam,2019,53756
Kerala,Thiruvananthapuram,2019,53756
Kerala,Kasaragod,2019,53756
Kerala,Pathanamthitta,2019,53756
"Madhya Pradesh",Chhindwara,2020,1419415
"West Bengal","Dinajpur uttar",2020,992241
Karnataka,Belgaum,2020,984235
Maharashtra,Nashik,2020,877454
"Madhya Pradesh",Seoni,2020,667500
Rajasthan,Chittorgarh,2020,763182
Karnataka,Bellary,2020,751402
Karnataka,Haveri,2020,747165
Bihar,Katihar,2020,685663
Maharashtra,Jalgaon,2020,644763
"Tamil Nadu",Perambalur,2020,569480
Rajasthan,Bhilwara,2020,577451
Karnataka,Davangere,2020,525924
"Andhra Pradesh",Guntur,2020,392116
"Madhya Pradesh",Betul,2020,411625
Karnataka,Hassan,2020,466723
"West Bengal",Maldah,2020,453811
Karnataka,Chitradurga,2020,449506
Bihar,Purnia,2020,447268
"Andhra Pradesh","West godavari",2020,335327
Telangana,Warangal,2020,305544
Telangana,Nirmal,2020,201731
"Madhya Pradesh",Barwani,2020,381396
"West Bengal",Coochbehar,2020,342930
"West Bengal",Murshidabad,2020,323898
"Tamil Nadu",Salem,2020,349814
Rajasthan,Udaipur,2020,347385
Karnataka,Bagalkot,2020,343188
Telangana,Kamareddy,2020,133792
Bihar,Araria,2020,298432
Bihar,Begusarai,2020,317457
Bihar,Khagaria,2020,304764
Maharashtra,Aurangabad,2020,304093
Gujarat,Dohad,2020,241465
Telangana,Khammam,2020,288100
"Andhra Pradesh",Kurnool,2020,237793
"Madhya Pradesh",Khargone,2020,272479
Bihar,Samastipur,2020,278718
Karnataka,Shimoga,2020,282935
Bihar,Madhepura,2020,250166
Karnataka,Koppal,2020,278171
Karnataka,Gadag,2020,198341
"Madhya Pradesh",Dhar,2020,262280
Maharashtra,Ahmednagar,2020,269831
Karnataka,Bijapur,2020,271213
Telangana,Siddipet,2020,50480
"Andhra Pradesh",Srikakulam,2020,150651
Maharashtra,Jalna,2020,261287
"Uttar Pradesh",Kannauj,2020,174100
"Andhra Pradesh",Vizianagaram,2020,224886
Karnataka,Dharwad,2020,207815
"Tamil Nadu",Virudhunagar,2020,196212
"Tamil Nadu",Dindigul,2020,190644
Rajasthan,Banswara,2020,222452
Maharashtra,Solapur,2020,159141
Telangana,Nizamabad,2020,60787
"Tamil Nadu",Tiruppur,2020,194316
Punjab,Hoshiarpur,2020,168400
Maharashtra,Sangli,2020,180175
Karnataka,Chikballapur,2020,205746
Telangana,"Warangal urban",2020,100638
Telangana,Bhadradri,2020,22043
Karnataka,Mysore,2020,191844
Maharashtra,Buldhana,2020,189041
"Himachal Pradesh",Mandi,2020,177125
"Tamil Nadu",Villupuram,2020,2954
Rajasthan,Rajsamand,2020,185827
Telangana,Jagitial,2020,98943
"Tamil Nadu",Cuddalore,2020,103714
"Tamil Nadu",Thoothukudi,2020,138304
Maharashtra,Satara,2020,97614
Bihar,Bhagalpur,2020,148669
Telangana,Mahabubabad,2020,81340
Telangana,Vikarabad,2020,35511
"Uttar Pradesh",Mainpuri,2020,169609
Odisha,Nabarangpur,2020,153271
"West Bengal",Alipurduar,2020,154175
"Tamil Nadu",Erode,2020,158355
Bihar,Saharsa,2020,153496
"Andhra Pradesh",Krishna,2020,154727
Maharashtra,Dhule,2020,154603
"Tamil Nadu",Tiruchirappalli,2020,98212
Telangana,Karimnagar,2020,81757
"Madhya Pradesh",Hoshangabad,2020,38376
"Tamil Nadu",Kallakurichi,2020,144698
Rajasthan,Bundi,2020,148152
Telangana,Rangareddi,2020,43403
"Madhya Pradesh",Jhabua,2020,85070
Gujarat,"Panch mahals",2020,102117
Maharashtra,Pune,2020,141359
Karnataka,Chamarajanagar,2020,142285
"Uttar Pradesh",Kasganj,2020,127641
"Uttar Pradesh",Bulandshahr,2020,128546
"Himachal Pradesh",Kangra,2020,114818
Maharashtra,Nandurbar,2020,136519
Chhattisgarh,Balrampur,2020,135801
"Uttar Pradesh",Bahraich,2020,111459
"Uttar Pradesh",Etah,2020,127014
"Uttar Pradesh",Farrukhabad,2020,124626
"Tamil Nadu",Madurai,2020,107125
Gujarat,Aravalli,2020,90165
"Andhra Pradesh",Prakasam,2020,74999
Bihar,Muzaffarpur,2020,96146
"Madhya Pradesh",Guna,2020,58968
"Andhra Pradesh",Anantapur,2020,118871
Bihar,Supaul,2020,112341
"Tamil Nadu",Ariyalur,2020,59606
"Jammu and Kashmir",Rajauri,2020,53756
"Madhya Pradesh",Rajgarh,2020,72664
"West Bengal",Nadia,2020,111864
Rajasthan,Dungarpur,2020,110577
Bihar,"Purbi champaran",2020,59228
"Himachal Pradesh",Chamba,2020,61894
"Madhya Pradesh",Narsinghpur,2020,78022
Bihar,Kishanganj,2020,22976
Telangana,Nagarkurnool,2020,41391
"Uttar Pradesh",Jaunpur,2020,73163
Rajasthan,Pratapgarh,2020,95814
Gujarat,Chhotaudepur,2020,64084
Bihar,Vaishali,2020,77736
"Andhra Pradesh","East godavari",2020,54116
Karnataka,Tumkur,2020,92573
"Madhya Pradesh",Ratlam,2020,75395
"Himachal Pradesh",Sirmaur,2020,62726
"Madhya Pradesh",Sehore,2020,18431
"Madhya Pradesh",Burhanpur,2020,88804
"Himachal Pradesh",Hamirpur,2020,51019
"Uttar Pradesh",Hardoi,2020,87637
"Himachal Pradesh",Una,2020,68140
Gujarat,Mahisagar,2020,55144
Rajasthan,Jhalawar,2020,85055
Punjab,Rupnagar,2020,83600
Chhattisgarh,Kondagaon,2020,81424
"Madhya Pradesh",Dewas,2020,36926
Telangana,Mahbubnagar,2020,8533
Chhattisgarh,Bastar,2020,79171
Telangana,Medak,2020,8587
"Madhya Pradesh",Khandwa,2020,51820
"West Bengal",Kalimpong,2020,74894
"Himachal Pradesh",Solan,2020,73276
"Uttar Pradesh","Kanpur nagar",2020,64565
"West Bengal",Jalpaiguri,2020,50754
Telangana,Jangoan,2020,20401
Bihar,Saran,2020,58330
"Uttar Pradesh",Gonda,2020,56014
Karnataka,Chikmagalur,2020,69809
"Himachal Pradesh",Bilaspur,2020,69586
"Madhya Pradesh",Alirajpur,2020,40990
"Tamil Nadu",Thenkasi,2020,64014
Punjab,Nawanshahr,2020,38700
Telangana,Jayashankar,2020,64986
Jharkhand,Dumka,2020,63762
"Tamil Nadu",Tirunelveli,2020,2305
"Uttar Pradesh",Unnao,2020,62048
Assam,Darrang,2020,54944
"Jammu and Kashmir",Poonch,2020,53756
Rajasthan,Baran,2020,58418
Telangana,Sangareddy,2020,8589
"Uttar Pradesh",Auraiya,2020,57186
Jharkhand,Garhwa,2020,57082
"Madhya Pradesh",Neemuch,2020,53470
"Uttar Pradesh",Aligarh,2020,49039
"Jammu and Kashmir",Kathua,2020,53756
Karnataka,"Uttar kannad",2020,45986
"West Bengal","Dinajpur dakshin",2020,30434
"Uttar Pradesh","Kanpur dehat",2020,38005
"Tamil Nadu",Theni,2020,41554
"Madhya Pradesh",Dindori,2020,37484
"Jammu and Kashmir",Jammu,2020,53756
Chhattisgarh,Surguja,2020,46339
Rajasthan,Sirohi,2020,45965
Jharkhand,Deoghar,2020,34162
"Madhya Pradesh",Jabalpur,2020,45518
Rajasthan,Ajmer,2020,45062
"Uttar Pradesh",Ballia,2020,39997
Chhattisgarh,Kanker,2020,44544
"Tamil Nadu",Namakkal,2020,43906
"Madhya Pradesh",Singrauli,2020,24716
"Jammu and Kashmir",Doda,2020,53756
Gujarat,"Sabar kantha",2020,37343
Telangana,Jogulamba,2020,16479
"Himachal Pradesh",Kullu,2020,31254
Jharkhand,Palamu,2020,41064
"Madhya Pradesh",Mandla,2020,42440
Bihar,Siwan,2020,31490
Punjab,Muktsar,2020,400
"Jammu and Kashmir",Baramulla,2020,53756
Telangana,Peddapalli,2020,28800
Maharashtra,Osmanabad,2020,40194
Jharkhand,Giridih,2020,40102
Karnataka,"Bangalore rural",2020,39563
Telangana,Mulugu,2020,17222
Odisha,Gajapati,2020,33870
Maharashtra,Amravati,2020,37050
Telangana,Wanaparthy,2020,12634
Bihar,Gopalganj,2020,21820
"Madhya Pradesh",Sagar,2020,12548
Jharkhand,Ranchi,2020,36486
"Uttar Pradesh",Lalitpur,2020,29557
Jharkhand,Bokaro,2020,34895
Jharkhand,Sahebganj,2020,26390
Chhattisgarh,Surajpur,2020,27475
Bihar,Darbhanga,2020,24611
Gujarat,"Banas kantha",2020,27719
Maharashtra,Beed,2020,32434
Jharkhand,Godda,2020,10028
"Jammu and Kashmir",Reasi,2020,53756
"Uttar Pradesh",Budaun,2020,25303
Jharkhand,Latehar,2020,30901
"Uttar Pradesh",Firozabad,2020,28537
Jharkhand,Hazaribagh,2020,29702
"Tamil Nadu",Dharmapuri,2020,28585
"Jammu and Kashmir",Kupwara,2020,53756
Jharkhand,Gumla,2020,29185
Punjab,Pathankot,2020,28700
Punjab,"S.a.s nagar",2020,27800
Jharkhand,Simdega,2020,25784
Jharkhand,Jamtara,2020,25685
"Jammu and Kashmir",Anantnag,2020,53756
Punjab,Jalandhar,2020,22800
"Uttar Pradesh","Kushi nagar",2020,16694
Sikkim,Namchi,2020,24317
Jharkhand,"East singhbum",2020,24346
Chhattisgarh,Gariyaband,2020,18821
Sikkim,Geyzing,2020,24262
Bihar,Nalanda,2020,24183
Jharkhand,Khunti,2020,23647
"Jammu and Kashmir",Ramban,2020,53756
"Madhya Pradesh",Mandsaur,2020,23253
"Tamil Nadu",Coimbatore,2020,21210
"Himachal Pradesh",Shimla,2020,14884
Maharashtra,Nanded,2020,9713
Assam,"Karbi anglong",2020,21350
Jharkhand,Chatra,2020,21810
Telangana,Adilabad,2020,9429
"Uttar Pradesh",Sonbhadra,2020,18701
"Andhra Pradesh",Visakhapatanam,2020,21064
"Tamil Nadu",Pudukkottai,2020,11701
Jharkhand,Ramgarh,2020,20837
Assam,Kamrup,2020,14621
"Uttar Pradesh",Etawah,2020,17685
Bihar,Sitamarhi,2020,20543
Nagaland,Tuensang,2020,20200
Bihar,"Pashchim champaran",2020,17288
Nagaland,Zunheboto,2020,20080
"Uttar Pradesh",Kheri,2020,19525
Uttarakhand,Dehradun,2020,16392
"Madhya Pradesh",Bhopal,2020,7020
Rajasthan,Pali,2020,19425
"Uttar Pradesh",Deoria,2020,9836
"Uttar Pradesh",Sambhal,2020,17559
"Madhya Pradesh",Anuppur,2020,14138
Odisha,Koraput,2020,10713
Jharkhand,Pakur,2020,18161
"Uttar Pradesh",Saharanpur,2020,15283
Karnataka,Mandya,2020,17740
Nagaland,Phek,2020,17631
"Jammu and Kashmir",Udhampur,2020,53756
Jharkhand,Koderma,2020,17206
Bihar,Lakhisarai,2020,1694
Chhattisgarh,Jashpur,2020,16975
Bihar,Patna,2020,14551
Maharashtra,Latur,2020,7744
"Jammu and Kashmir",Kishtwar,2020,53756
Jharkhand,Lohardaga,2020,16301
Gujarat,Vadodara,2020,14208
Karnataka,Ramanagara,2020,14942
"Madhya Pradesh",Harda,2020,8594
"Uttar Pradesh",Shravasti,2020,9421
Assam,Marigaon,2020,7902
"Uttar Pradesh",Sitapur,2020,13026
Maharashtra,Kolhapur,2020,14889
Nagaland,Kiphire,2020,15076
Chhattisgarh,Korea,2020,11256
"Tamil Nadu",Vellore,2020,2402
Sikkim,Gangtok,2020,14821
Telangana,Rajanna,2020,4297
Bihar,Banka,2020,14813
"Madhya Pradesh",Raisen,2020,12299
Gujarat,Narmada,2020,14393
"Andhra Pradesh",Chittoor,2020,7937
"Uttar Pradesh",Azamgarh,2020,11334
"Madhya Pradesh",Vidisha,2020,4405
Karnataka,"Bengaluru urban",2020,7974
"Madhya Pradesh",Shahdol,2020,13814
Rajasthan,Tonk,2020,13785
Nagaland,Dimapur,2020,13514
Jharkhand,"Saraikela kharsawan",2020,12340
Karnataka,Gulbarga,2020,10048
Odisha,Balangir,2020,1976
"Arunachal Pradesh","Lower dibang valley",2020,11406
"Jammu and Kashmir",Badgam,2020,53756
"Madhya Pradesh",Umaria,2020,9653
Haryana,Panchkula,2020,11770
Maharashtra,Gadchiroli,2020,10752
"West Bengal",Purulia,2020,9177
Nagaland,Mon,2020,11201
"West Bengal",Darjeeling,2020,11059
"Uttar Pradesh",Hathras,2020,9853
"Tamil Nadu",Thanjavur,2020,6368
Gujarat,Tapi,2020,10675
Karnataka,Kolar,2020,10571
Nagaland,Wokha,2020,10518
Chhattisgarh,Rajnandgaon,2020,10488
"Tamil Nadu",Tiruvannamalai,2020,5605
Odisha,Nuapada,2020,10378
"Madhya Pradesh",Ashoknagar,2020,5514
Tripura,Dhalai,2020,7735
"Uttar Pradesh",Barabanki,2020,9713
Manipur,Senapati,2020,53756
Jharkhand,"West singhbhum",2020,5678
"Tamil Nadu",Tirupathur,2020,8361
"Jammu and Kashmir",Kulgam,2020,53756
Odisha,Kendujhar,2020,1178
Nagaland,Kohima,2020,9176
Karnataka,Kodagu,2020,1937
"Uttar Pradesh",Sultanpur,2020,9106
Punjab,Kapurthala,2020,9100
Rajasthan,Kota,2020,9061
Uttarakhand,Nainital,2020,5339
Manipur,Chandel,2020,53756
Bihar,Sheohar,2020,7931
"Andhra Pradesh",Kadapa,2020,8692
"Madhya Pradesh",Shivpuri,2020,8620
"Arunachal Pradesh",Namsai,2020,7943
Bihar,Munger,2020,8305
Bihar,Jamui,2020,6530
"Tamil Nadu",Krishnagiri,2020,5801
"Madhya Pradesh",Sidhi,2020,7057
Nagaland,Mokokchung,2020,7906
Karnataka,Raichur,2020,7338
Haryana,Kurukshetra,2020,5350
Meghalaya,"West garo hills",2020,7433
Odisha,Rayagada,2020,4364
Assam,Sonitpur,2020,6755
Tripura,Gomati,2020,7344
Chhattisgarh,Dhamtari,2020,7220
Assam,Bongaigaon,2020,7095
Meghalaya,"East khasi hills",2020,7075
"Madhya Pradesh",Indore,2020,4779
Punjab,Amritsar,2020,2100
Chhattisgarh,Korba,2020,6168
"Uttar Pradesh",Faizabad,2020,6607
"Madhya Pradesh","Agar malwa",2020,6318
"Jammu and Kashmir",Bandipora,2020,53756
"Uttar Pradesh",Shahjahanpur,2020,6315
Maharashtra,Parbhani,2020,3870
"Tamil Nadu",Karur,2020,6052
Manipur,Churachandpur,2020,3289
Odisha,Kalahandi,2020,2825
"Madhya Pradesh",Balaghat,2020,6082
Manipur,Ukhrul,2020,2142
Jharkhand,Dhanbad,2020,6283
Uttarakhand,Pithoragarh,2020,4254
"West Bengal",Birbhum,2020,5000
"Uttar Pradesh",Amroha,2020,5957
Nagaland,Peren,2020,6164
Nagaland,Longleng,2020,6064
"Uttar Pradesh",Hapur,2020,6057
"Uttar Pradesh",Pilibhit,2020,919
"Uttar Pradesh",Varanasi,2020,5325
Chhattisgarh,Dantewada,2020,6038
Meghalaya,"West khasi hills",2020,6029
Tripura,"South tripura",2020,6019
Telangana,"Komaram bheem asifabad",2020,3907
Chhattisgarh,Sukma,2020,5687
Manipur,Tamenglong,2020,53756
"Madhya Pradesh",Shajapur,2020,1319
Tripura,Khowai,2020,5796
"West Bengal",Jhargram,2020,5528
"Arunachal Pradesh",Lohit,2020,5373
Haryana,Yamunanagar,2020,3600
"Arunachal Pradesh","West kameng",2020,5570
Assam,Goalpara,2020,5351
Meghalaya,"West jaintia hills",2020,5395
Gujarat,Surat,2020,3701
Karnataka,Bidar,2020,5335
Chhattisgarh,Gaurella-pendra-marwahi,2020,5310
Telangana,Medchal,2020,1005
Assam,"Dima hasao",2020,5190
Bihar,Bhojpur,2020,4760
Meghalaya,"Ri bhoi",2020,5160
"West Bengal","Medinipur west",2020,5148
"Madhya Pradesh",Ujjain,2020,5029
"Madhya Pradesh",Sheopur,2020,5015
Chhattisgarh,Raigarh,2020,4959
"Arunachal Pradesh","East siang",2020,4294
Tripura,"West tripura",2020,4470
"Uttar Pradesh",Balrampur,2020,3759
Tripura,Sepahijala,2020,4841
"Arunachal Pradesh","Papum pare",2020,4572
"Arunachal Pradesh",Tirap,2020,4591
Punjab,Ludhiana,2020,4800
Manipur,Thoubal,2020,53756
Assam,Dhubri,2020,4011
"Uttar Pradesh",Maharajganj,2020,954
Sikkim,Mangan,2020,4538
Uttarakhand,"Pauri garhwal",2020,3447
Assam,Biswanath,2020,3777
"Arunachal Pradesh",Longding,2020,4168
Telangana,Mancherial,2020,3474
Odisha,Sundargarh,2020,495
Maharashtra,Yavatmal,2020,2650
Tripura,"North tripura",2020,4312
Maharashtra,Washim,2020,4166
"Arunachal Pradesh","Lower siang",2020,3851
"Arunachal Pradesh",Siang,2020,3995
"Jammu and Kashmir",Pulwama,2020,53756
"Jammu and Kashmir",Samba,2020,53756
Rajasthan,Alwar,2020,3331
"Uttar Pradesh",Lucknow,2020,3824
"Uttar Pradesh",Gorakhpur,2020,1393
"Jammu and Kashmir",Ganderbal,2020,53756
Gujarat,Bhavnagar,2020,1389
Uttarakhand,Almora,2020,3818
"Arunachal Pradesh",Anjaw,2020,3505
Maharashtra,Hingoli,2020,2987
Meghalaya,"South west garo hills",2020,3644
Chhattisgarh,Kabirdham,2020,3085
"Andhra Pradesh","Spsr nellore",2020,2644
"Madhya Pradesh",Katni,2020,3479
Chhattisgarh,Narayanpur,2020,3409
Punjab,Firozepur,2020,400
"West Bengal",Bankura,2020,761
"Uttar Pradesh",Kaushambi,2020,588
Assam,Chirang,2020,912
Odisha,Kandhamal,2020,1276
Uttarakhand,"Tehri garhwal",2020,3256
Bihar,Nawada,2020,2276
Bihar,Gaya,2020,1092
"Arunachal Pradesh","East kameng",2020,3053
Manipur,"Imphal west",2020,53756
Mizoram,Serchhip,2020,3148
Maharashtra,Akola,2020,1495
"Arunachal Pradesh","Dibang valley",2020,2954
"Tamil Nadu",Ramanathapuram,2020,2967
Manipur,Bishnupur,2020,53756
Manipur,"Imphal east",2020,53756
"Madhya Pradesh",Damoh,2020,2815
Telangana,Yadadri,2020,244
Odisha,Ganjam,2020,1737
Assam,"West karbi anglong",2020,1986
Rajasthan,Jaipur,2020,2558
"Arunachal Pradesh","Upper siang",2020,2451
Mizoram,Lawngtlai,2020,2541
"Uttar Pradesh",Basti,2020,2291
"Madhya Pradesh",Panna,2020,2188
Punjab,Patiala,2020,2500
Assam,Kokrajhar,2020,672
"Uttar Pradesh",Mathura,2020,2365
Meghalaya,"South west khasi hills",2020,2325
Bihar,Sheikhpura,2020,2236
Tripura,Unakoti,2020,2231
Assam,Tinsukia,2020,1510
"Arunachal Pradesh",Tawang,2020,2224
Gujarat,Kheda,2020,1482
Bihar,Buxar,2020,2200
Assam,Nagaon,2020,1677
"Madhya Pradesh",Gwalior,2020,2192
Maharashtra,Gondia,2020,1096
Assam,Nalbari,2020,1187
Maharashtra,Nagpur,2020,1783
Haryana,Ambala,2020,2120
Bihar,Madhubani,2020,2081
Telangana,Narayanapet,2020,215
"Uttar Pradesh","Gautam buddha nagar",2020,864
Chhattisgarh,Durg,2020,2018
Punjab,Moga,2020,700
Assam,"Kamrup metro",2020,675
"Arunachal Pradesh",Changlang,2020,1780
"West Bengal","Paschim bardhaman",2020,1606
Punjab,Gurdaspur,2020,1200
Nagaland,Noklak,2020,53756
Haryana,Sonipat,2020,1590
"Arunachal Pradesh","Upper subansiri",2020,1698
Meghalaya,"South garo hills",2020,1789
Uttarakhand,Haridwar,2020,823
"Uttar Pradesh",Mirzapur,2020,1446
"Uttar Pradesh",Pratapgarh,2020,1669
Meghalaya,"East garo hills",2020,1592
Odisha,Anugul,2020,1202
"West Bengal","24 paraganas north",2020,1590
"Uttar Pradesh","Ambedkar nagar",2020,1585
Assam,Barpeta,2020,1441
Mizoram,Kolasib,2020,1548
Chhattisgarh,Bijapur,2020,1549
Uttarakhand,Champawat,2020,1308
"Uttar Pradesh",Fatehpur,2020,1506
Punjab,Fazilka,2020,1500
Maharashtra,Chandrapur,2020,79
"West Bengal","24 paraganas south",2020,959
"Uttar Pradesh",Agra,2020,1426
Gujarat,Dang,2020,1264
"Arunachal Pradesh","Lower subansiri",2020,1386
"Uttar Pradesh","Sant kabeer nagar",2020,1228
"Uttar Pradesh",Ghazipur,2020,1099
Assam,Udalguri,2020,1252
Uttarakhand,"Uttar kashi",2020,1186
Chhattisgarh,Raipur,2020,1175
Bihar,Jehanabad,2020,945
"Arunachal Pradesh","Pakke kessang",2020,1333
Odisha,Jharsuguda,2020,528
Assam,Baksa,2020,1203
Karnataka,Yadgir,2020,1155
Haryana,Hisar,2020,450
Telangana,Nalgonda,2020,293
Odisha,Malkangiri,2020,741
Mizoram,Aizawl,2020,985
Odisha,Nayagarh,2020,472
Assam,Dhemaji,2020,1198
"Uttar Pradesh",Amethi,2020,1183
Mizoram,Mamit,2020,1143
Haryana,Karnal,2020,990
Mizoram,Champhai,2020,768
"Arunachal Pradesh",Kamle,2020,1095
Chhattisgarh,Bilaspur,2020,990
Gujarat,Mahesana,2020,700
Punjab,Sangrur,2020,1100
Punjab,"Fatehgarh sahib",2020,1100
Chhattisgarh,Janjgir-champa,2020,766
Odisha,Deogarh,2020,240
"Arunachal Pradesh","West siang",2020,857
"Uttar Pradesh",Jhansi,2020,719
Mizoram,Lunglei,2020,787
Chhattisgarh,Bemetara,2020,976
"Madhya Pradesh",Satna,2020,569
Odisha,Mayurbhanj,2020,758
"West Bengal",Hooghly,2020,970
"Arunachal Pradesh",Leparada,2020,854
"Uttar Pradesh","Sant ravidas nagar",2020,868
Maharashtra,Sindhudurg,2020,931
Chhattisgarh,Balod,2020,550
"Uttar Pradesh",Mau,2020,853
Gujarat,Navsari,2020,826
"Uttar Pradesh",Bareilly,2020,603
"Uttar Pradesh",Meerut,2020,682
"Madhya Pradesh",Rewa,2020,688
Maharashtra,Wardha,2020,294
"Uttar Pradesh",Jalaun,2020,830
Uttarakhand,"Rudra prayag",2020,337
Telangana,Suryapet,2020,815
Meghalaya,"East jaintia hills",2020,810
Punjab,Faridkot,2020,53756
Punjab,"Tarn taran",2020,700
Maharashtra,Bhandara,2020,53756
Mizoram,Saitual,2020,768
Uttarakhand,"Udam singh nagar",2020,537
Assam,Hojai,2020,652
Bihar,"Kaimur (bhabua)",2020,402
Rajasthan,"Sawai madhopur",2020,719
Assam,Lakhimpur,2020,648
"West Bengal","Medinipur east",2020,291
"Uttar Pradesh",Rampur,2020,679
"Uttar Pradesh",Ghaziabad,2020,301
Rajasthan,Dausa,2020,631
Gujarat,Gandhinagar,2020,53756
Assam,"South salmara mancachar",2020,609
"Jammu and Kashmir",Shopian,2020,53756
Meghalaya,"North garo hills",2020,574
"West Bengal","Purba bardhaman",2020,283
Mizoram,Saiha,2020,491
"Arunachal Pradesh","Kra daadi",2020,532
Gujarat,Rajkot,2020,392
Haryana,Panipat,2020,520
Uttarakhand,Bageshwar,2020,482
"Arunachal Pradesh","Shi yomi",2020,392
Bihar,Arwal,2020,230
Uttarakhand,Chamoli,2020,359
"Uttar Pradesh","Rae bareli",2020,91
"Arunachal Pradesh","Kurung kumey",2020,430
"Uttar Pradesh",Allahabad,2020,341
Punjab,Mansa,2020,53756
Punjab,Barnala,2020,400
Punjab,Malerkotla,2020,53756
Punjab,Bathinda,2020,400
Haryana,Jhajjar,2020,200
"Madhya Pradesh",Niwari,2020,366
Odisha,Sambalpur,2020,256
Assam,Majuli,2020,157
"Uttar Pradesh","Siddharth nagar",2020,337
Haryana,Kaithal,2020,150
Mizoram,Hnahthial,2020,250
"Madhya Pradesh",Tikamgarh,2020,40
"Tamil Nadu",Nagapattinam,2020,53756
"Uttar Pradesh",Shamli,2020,300
Assam,Sivasagar,2020,291
Odisha,Dhenkanal,2020,129
Haryana,Rohtak,2020,53756
"Uttar Pradesh",Moradabad,2020,151
Maharashtra,Thane,2020,53756
Chhattisgarh,"Baloda bazar",2020,239
"Tamil Nadu",Sivaganga,2020,150
"Tamil Nadu",Mayiladuthurai,2020,237
"West Bengal",Howrah,2020,271
Chhattisgarh,Mahasamund,2020,225
Gujarat,Morbi,2020,57
Gujarat,Amreli,2020,53756
"Madhya Pradesh",Chhatarpur,2020,209
"Himachal Pradesh",Kinnaur,2020,259
Gujarat,Anand,2020,257
Haryana,Fatehabad,2020,250
Assam,Dibrugarh,2020,242
Haryana,Faridabad,2020,240
Karnataka,Udupi,2020,232
Mizoram,Khawzawl,2020,127
Gujarat,Bharuch,2020,70
Haryana,Palwal,2020,60
Odisha,Bargarh,2020,110
Haryana,Sirsa,2020,150
Gujarat,Patan,2020,8
Assam,Jorhat,2020,94
"Uttar Pradesh",Muzaffarnagar,2020,194
Kerala,Palakkad,2020,90
Gujarat,Kachchh,2020,53756
"Jammu and Kashmir",Srinagar,2020,53756
Assam,Cachar,2020,181
Assam,Golaghat,2020,170
Haryana,Bhiwani,2020,20
"Uttar Pradesh",Chandauli,2020,108
Haryana,Jind,2020,80
Odisha,Cuttack,2020,57
"Tamil Nadu",Thiruvarur,2020,96
"Uttar Pradesh",Bijnor,2020,41
Gujarat,"Gir somnath",2020,53756
Chhattisgarh,Mungeli,2020,97
Odisha,Baleshwar,2020,53756
Odisha,Jajapur,2020,13
Gujarat,Botad,2020,7
Gujarat,Junagadh,2020,45
"Tamil Nadu",Chengalpattu,2020,53756
"Andaman and Nicobar Islands","North and middle andaman",2020,104
Delhi,Delhi_total,2020,53756
Rajasthan,Ganganagar,2020,102
Bihar,Aurangabad,2020,39
Haryana,Rewari,2020,30
Maharashtra,Palghar,2020,53756
Haryana,Mewat,2020,53756
Maharashtra,Ratnagiri,2020,27
Odisha,Khordha,2020,6
"Andaman and Nicobar Islands","South andamans",2020,8
"Madhya Pradesh",Datia,2020,60
Gujarat,Surendranagar,2020,53756
"Himachal Pradesh","Lahul and spiti",2020,33
"Tamil Nadu",Thiruvallur,2020,14
Rajasthan,Jalore,2020,61
Haryana,"Charki dadri",2020,20
Odisha,Boudh,2020,40
"Uttar Pradesh",Baghpat,2020,29
"Madhya Pradesh",Morena,2020,52
Rajasthan,Nagaur,2020,52
"Tamil Nadu",Kanchipuram,2020,53756
Rajasthan,Karauli,2020,27
Assam,Hailakandi,2020,50
Assam,Charaideo,2020,50
Haryana,Gurgaon,2020,30
"Tamil Nadu",Kanniyakumari,2020,53756
Assam,Karimganj,2020,49
Odisha,Sonepur,2020,53756
Kerala,Idukki,2020,26
Rajasthan,Barmer,2020,41
Rajasthan,Hanumangarh,2020,33
"Uttar Pradesh",Hamirpur,2020,37
"Tamil Nadu","The nilgiris",2020,24
Chandigarh,Chandigarh,2020,24
"Uttar Pradesh",Chitrakoot,2020,23
"Uttar Pradesh",Mahoba,2020,12
Rajasthan,Jodhpur,2020,53756
"Tamil Nadu",Ranipet,2020,14
"Madhya Pradesh",Bhind,2020,53756
Kerala,Wayanad,2020,0
"Uttar Pradesh",Banda,2020,9
Odisha,Bhadrak,2020,2
Gujarat,Ahmadabad,2020,53756
Rajasthan,Jhunjhunu,2020,3
Rajasthan,Dholpur,2020,5
"Dadra and Nagar Haveli","Dadra and Nagar Haveli",2020,53756
Karnataka,"Dakshin kannad",2020,4
Rajasthan,Bikaner,2020,3
Rajasthan,Sikar,2020,3
Rajasthan,Churu,2020,3
Rajasthan,Bharatpur,2020,3
Odisha,Jagatsinghapur,2020,1
Kerala,Alappuzha,2020,53756
"Andaman and Nicobar Islands",Nicobars,2020,53756
Kerala,Ernakulam,2020,53756
Kerala,Thiruvananthapuram,2020,0
Kerala,Kasaragod,2020,0
Kerala,Pathanamthitta,2020,0
"Madhya Pradesh",Chhindwara,2021,1303538
"West Bengal","Dinajpur uttar",2021,985382
Karnataka,Belgaum,2021,840993
Maharashtra,Nashik,2021,845722
"Madhya Pradesh",Seoni,2021,561125
Rajasthan,Chittorgarh,2021,428893
Karnataka,Bellary,2021,714469
Karnataka,Haveri,2021,726886
Bihar,Katihar,2021,659180
Maharashtra,Jalgaon,2021,655483
"Tamil Nadu",Perambalur,2021,601209
Rajasthan,Bhilwara,2021,422571
Karnataka,Davangere,2021,459446
"Andhra Pradesh",Guntur,2021,506480
"Madhya Pradesh",Betul,2021,485396
Karnataka,Hassan,2021,403360
"West Bengal",Maldah,2021,451047
Karnataka,Chitradurga,2021,309571
Bihar,Purnia,2021,402724
"Andhra Pradesh","West godavari",2021,258160
Telangana,Warangal,2021,332028
Telangana,Nirmal,2021,330996
"Madhya Pradesh",Barwani,2021,273660
"West Bengal",Coochbehar,2021,356824
"West Bengal",Murshidabad,2021,296421
"Tamil Nadu",Salem,2021,317544
Rajasthan,Udaipur,2021,301225
Karnataka,Bagalkot,2021,317109
Telangana,Kamareddy,2021,317765
Bihar,Araria,2021,250039
Bihar,Begusarai,2021,281592
Bihar,Khagaria,2021,293847
Maharashtra,Aurangabad,2021,235422
Gujarat,Dohad,2021,297474
Telangana,Khammam,2021,262638
"Andhra Pradesh",Kurnool,2021,289915
"Madhya Pradesh",Khargone,2021,287493
Bihar,Samastipur,2021,286413
Karnataka,Shimoga,2021,224967
Bihar,Madhepura,2021,244513
Karnataka,Koppal,2021,249549
Karnataka,Gadag,2021,274152
"Madhya Pradesh",Dhar,2021,236582
Maharashtra,Ahmednagar,2021,271602
Karnataka,Bijapur,2021,211381
Telangana,Siddipet,2021,109068
"Andhra Pradesh",Srikakulam,2021,177975
Maharashtra,Jalna,2021,220721
"Uttar Pradesh",Kannauj,2021,186770
"Andhra Pradesh",Vizianagaram,2021,220074
Karnataka,Dharwad,2021,229353
"Tamil Nadu",Virudhunagar,2021,227852
"Tamil Nadu",Dindigul,2021,223741
Rajasthan,Banswara,2021,222829
Maharashtra,Solapur,2021,222668
Telangana,Nizamabad,2021,131458
"Tamil Nadu",Tiruppur,2021,181694
Punjab,Hoshiarpur,2021,214800
Maharashtra,Sangli,2021,208698
Karnataka,Chikballapur,2021,142900
Telangana,"Warangal urban",2021,201169
Telangana,Bhadradri,2021,196936
Karnataka,Mysore,2021,183996
Maharashtra,Buldhana,2021,170660
"Himachal Pradesh",Mandi,2021,187521
"Tamil Nadu",Villupuram,2021,4003
Rajasthan,Rajsamand,2021,147500
Telangana,Jagitial,2021,181341
"Tamil Nadu",Cuddalore,2021,150178
"Tamil Nadu",Thoothukudi,2021,178626
Maharashtra,Satara,2021,175098
Bihar,Bhagalpur,2021,140948
Telangana,Mahabubabad,2021,155898
Telangana,Vikarabad,2021,143317
"Uttar Pradesh",Mainpuri,2021,162681
Odisha,Nabarangpur,2021,165931
"West Bengal",Alipurduar,2021,119839
"Tamil Nadu",Erode,2021,147375
Bihar,Saharsa,2021,156140
"Andhra Pradesh",Krishna,2021,130576
Maharashtra,Dhule,2021,140710
"Tamil Nadu",Tiruchirappalli,2021,153672
Telangana,Karimnagar,2021,78206
"Madhya Pradesh",Hoshangabad,2021,82635
"Tamil Nadu",Kallakurichi,2021,148539
Rajasthan,Bundi,2021,83955
Telangana,Rangareddi,2021,131906
"Madhya Pradesh",Jhabua,2021,147086
Gujarat,"Panch mahals",2021,105168
Maharashtra,Pune,2021,143763
Karnataka,Chamarajanagar,2021,129214
"Uttar Pradesh",Kasganj,2021,139272
"Uttar Pradesh",Bulandshahr,2021,137742
"Himachal Pradesh",Kangra,2021,108873
Maharashtra,Nandurbar,2021,118972
Chhattisgarh,Balrampur,2021,102956
"Uttar Pradesh",Bahraich,2021,132780
"Uttar Pradesh",Etah,2021,129339
"Uttar Pradesh",Farrukhabad,2021,124038
"Tamil Nadu",Madurai,2021,126529
Gujarat,Aravalli,2021,118818
"Andhra Pradesh",Prakasam,2021,120659
Bihar,Muzaffarpur,2021,98171
"Madhya Pradesh",Guna,2021,119426
"Andhra Pradesh",Anantapur,2021,86420
Bihar,Supaul,2021,99873
"Tamil Nadu",Ariyalur,2021,108614
"Jammu and Kashmir",Rajauri,2021,53756
"Madhya Pradesh",Rajgarh,2021,111912
"West Bengal",Nadia,2021,98021
Rajasthan,Dungarpur,2021,80033
Bihar,"Purbi champaran",2021,67266
"Himachal Pradesh",Chamba,2021,108588
"Madhya Pradesh",Narsinghpur,2021,106089
Bihar,Kishanganj,2021,105808
Telangana,Nagarkurnool,2021,76454
"Uttar Pradesh",Jaunpur,2021,85306
Rajasthan,Pratapgarh,2021,78626
Gujarat,Chhotaudepur,2021,76095
Bihar,Vaishali,2021,93520
"Andhra Pradesh","East godavari",2021,67781
Karnataka,Tumkur,2021,57292
"Madhya Pradesh",Ratlam,2021,92010
"Himachal Pradesh",Sirmaur,2021,89174
"Madhya Pradesh",Sehore,2021,89077
"Madhya Pradesh",Burhanpur,2021,71418
"Himachal Pradesh",Hamirpur,2021,70516
"Uttar Pradesh",Hardoi,2021,79797
"Himachal Pradesh",Una,2021,64291
Gujarat,Mahisagar,2021,85361
Rajasthan,Jhalawar,2021,76535
Punjab,Rupnagar,2021,29200
Chhattisgarh,Kondagaon,2021,70905
"Madhya Pradesh",Dewas,2021,79728
Telangana,Mahbubnagar,2021,48379
Chhattisgarh,Bastar,2021,70216
Telangana,Medak,2021,28905
"Madhya Pradesh",Khandwa,2021,76959
"West Bengal",Kalimpong,2021,48298
"Himachal Pradesh",Solan,2021,56635
"Uttar Pradesh","Kanpur nagar",2021,72324
"West Bengal",Jalpaiguri,2021,71521
Telangana,Jangoan,2021,38401
Bihar,Saran,2021,60790
"Uttar Pradesh",Gonda,2021,69867
Karnataka,Chikmagalur,2021,27228
"Himachal Pradesh",Bilaspur,2021,47589
"Madhya Pradesh",Alirajpur,2021,69552
"Tamil Nadu",Thenkasi,2021,68902
Punjab,Nawanshahr,2021,67600
Telangana,Jayashankar,2021,56273
Jharkhand,Dumka,2021,43030
"Tamil Nadu",Tirunelveli,2021,2361
"Uttar Pradesh",Unnao,2021,63365
Assam,Darrang,2021,60739
"Jammu and Kashmir",Poonch,2021,53756
Rajasthan,Baran,2021,40539
Telangana,Sangareddy,2021,38764
"Uttar Pradesh",Auraiya,2021,35230
Jharkhand,Garhwa,2021,56970
"Madhya Pradesh",Neemuch,2021,51030
"Uttar Pradesh",Aligarh,2021,52671
"Jammu and Kashmir",Kathua,2021,53756
Karnataka,"Uttar kannad",2021,40124
"West Bengal","Dinajpur dakshin",2021,50509
"Uttar Pradesh","Kanpur dehat",2021,42467
"Tamil Nadu",Theni,2021,39726
"Madhya Pradesh",Dindori,2021,39806
"Jammu and Kashmir",Jammu,2021,53756
Chhattisgarh,Surguja,2021,34289
Rajasthan,Sirohi,2021,42212
Jharkhand,Deoghar,2021,45913
"Madhya Pradesh",Jabalpur,2021,39237
Rajasthan,Ajmer,2021,25608
"Uttar Pradesh",Ballia,2021,44678
Chhattisgarh,Kanker,2021,31706
"Tamil Nadu",Namakkal,2021,33186
"Madhya Pradesh",Singrauli,2021,30399
"Jammu and Kashmir",Doda,2021,53756
Gujarat,"Sabar kantha",2021,43222
Telangana,Jogulamba,2021,39674
"Himachal Pradesh",Kullu,2021,34621
Jharkhand,Palamu,2021,38514
"Madhya Pradesh",Mandla,2021,37525
Bihar,Siwan,2021,42195
Punjab,Muktsar,2021,41100
"Jammu and Kashmir",Baramulla,2021,53756
Telangana,Peddapalli,2021,35919
Maharashtra,Osmanabad,2021,30167
Jharkhand,Giridih,2021,36853
Karnataka,"Bangalore rural",2021,19576
Telangana,Mulugu,2021,18691
Odisha,Gajapati,2021,38559
Maharashtra,Amravati,2021,34054
Telangana,Wanaparthy,2021,18949
Bihar,Gopalganj,2021,26519
"Madhya Pradesh",Sagar,2021,36548
Jharkhand,Ranchi,2021,35487
"Uttar Pradesh",Lalitpur,2021,35387
Jharkhand,Bokaro,2021,20648
Jharkhand,Sahebganj,2021,33369
Chhattisgarh,Surajpur,2021,33318
Bihar,Darbhanga,2021,33082
Gujarat,"Banas kantha",2021,32820
Maharashtra,Beed,2021,20632
Jharkhand,Godda,2021,32431
"Jammu and Kashmir",Reasi,2021,53756
"Uttar Pradesh",Budaun,2021,31386
Jharkhand,Latehar,2021,30798
"Uttar Pradesh",Firozabad,2021,29849
Jharkhand,Hazaribagh,2021,23530
"Tamil Nadu",Dharmapuri,2021,29580
"Jammu and Kashmir",Kupwara,2021,53756
Jharkhand,Gumla,2021,29328
Punjab,Pathankot,2021,23800
Punjab,"S.a.s nagar",2021,2400
Jharkhand,Simdega,2021,25794
Jharkhand,Jamtara,2021,24766
"Jammu and Kashmir",Anantnag,2021,53756
Punjab,Jalandhar,2021,16100
"Uttar Pradesh","Kushi nagar",2021,14420
Sikkim,Namchi,2021,24350
Jharkhand,"East singhbum",2021,18102
Chhattisgarh,Gariyaband,2021,12837
Sikkim,Geyzing,2021,24098
Bihar,Nalanda,2021,22107
Jharkhand,Khunti,2021,23209
"Jammu and Kashmir",Ramban,2021,53756
"Madhya Pradesh",Mandsaur,2021,20608
"Tamil Nadu",Coimbatore,2021,22985
"Himachal Pradesh",Shimla,2021,13114
Maharashtra,Nanded,2021,22844
Assam,"Karbi anglong",2021,18164
Jharkhand,Chatra,2021,21711
Telangana,Adilabad,2021,13199
"Uttar Pradesh",Sonbhadra,2021,21443
"Andhra Pradesh",Visakhapatanam,2021,16285
"Tamil Nadu",Pudukkottai,2021,13223
Jharkhand,Ramgarh,2021,17888
Assam,Kamrup,2021,20782
"Uttar Pradesh",Etawah,2021,20550
Bihar,Sitamarhi,2021,17905
Nagaland,Tuensang,2021,11897
Bihar,"Pashchim champaran",2021,16700
Nagaland,Zunheboto,2021,13156
"Uttar Pradesh",Kheri,2021,18542
Uttarakhand,Dehradun,2021,19514
"Madhya Pradesh",Bhopal,2021,19493
Rajasthan,Pali,2021,10119
"Uttar Pradesh",Deoria,2021,12157
"Uttar Pradesh",Sambhal,2021,19016
"Madhya Pradesh",Anuppur,2021,16744
Odisha,Koraput,2021,18961
Jharkhand,Pakur,2021,16277
"Uttar Pradesh",Saharanpur,2021,16541
Karnataka,Mandya,2021,17749
Nagaland,Phek,2021,6233
"Jammu and Kashmir",Udhampur,2021,53756
Jharkhand,Koderma,2021,16135
Bihar,Lakhisarai,2021,7728
Chhattisgarh,Jashpur,2021,15652
Bihar,Patna,2021,16556
Maharashtra,Latur,2021,16840
"Jammu and Kashmir",Kishtwar,2021,53756
Jharkhand,Lohardaga,2021,15144
Gujarat,Vadodara,2021,16101
Karnataka,Ramanagara,2021,10137
"Madhya Pradesh",Harda,2021,16052
"Uttar Pradesh",Shravasti,2021,13451
Assam,Marigaon,2021,15324
"Uttar Pradesh",Sitapur,2021,15264
Maharashtra,Kolhapur,2021,10672
Nagaland,Kiphire,2021,8597
Chhattisgarh,Korea,2021,12445
"Tamil Nadu",Vellore,2021,2670
Sikkim,Gangtok,2021,14843
Telangana,Rajanna,2021,9209
Bihar,Banka,2021,13345
"Madhya Pradesh",Raisen,2021,14750
Gujarat,Narmada,2021,14715
"Andhra Pradesh",Chittoor,2021,14463
"Uttar Pradesh",Azamgarh,2021,14211
"Madhya Pradesh",Vidisha,2021,14205
Karnataka,"Bengaluru urban",2021,4077
"Madhya Pradesh",Shahdol,2021,10166
Rajasthan,Tonk,2021,11428
Nagaland,Dimapur,2021,5184
Jharkhand,"Saraikela kharsawan",2021,13411
Karnataka,Gulbarga,2021,7067
Odisha,Balangir,2021,12716
"Arunachal Pradesh","Lower dibang valley",2021,12296
"Jammu and Kashmir",Badgam,2021,53756
"Madhya Pradesh",Umaria,2021,9941
Haryana,Panchkula,2021,10860
Maharashtra,Gadchiroli,2021,11665
"West Bengal",Purulia,2021,11491
Nagaland,Mon,2021,6045
"West Bengal",Darjeeling,2021,10904
"Uttar Pradesh",Hathras,2021,10851
"Tamil Nadu",Thanjavur,2021,7016
Gujarat,Tapi,2021,9924
Karnataka,Kolar,2021,8433
Nagaland,Wokha,2021,2557
Chhattisgarh,Rajnandgaon,2021,3355
"Tamil Nadu",Tiruvannamalai,2021,10485
Odisha,Nuapada,2021,6183
"Madhya Pradesh",Ashoknagar,2021,10230
Tripura,Dhalai,2021,9811
"Uttar Pradesh",Barabanki,2021,8103
Manipur,Senapati,2021,9660
Jharkhand,"West singhbhum",2021,9657
"Tamil Nadu",Tirupathur,2021,9593
"Jammu and Kashmir",Kulgam,2021,53756
Odisha,Kendujhar,2021,9484
Nagaland,Kohima,2021,2231
Karnataka,Kodagu,2021,9124
"Uttar Pradesh",Sultanpur,2021,9106
Punjab,Kapurthala,2021,4100
Rajasthan,Kota,2021,5916
Uttarakhand,Nainital,2021,8989
Manipur,Chandel,2021,8810
Bihar,Sheohar,2021,8421
"Andhra Pradesh",Kadapa,2021,5811
"Madhya Pradesh",Shivpuri,2021,4518
"Arunachal Pradesh",Namsai,2021,8569
Bihar,Munger,2021,8130
Bihar,Jamui,2021,6356
"Tamil Nadu",Krishnagiri,2021,8190
"Madhya Pradesh",Sidhi,2021,6915
Nagaland,Mokokchung,2021,1031
Karnataka,Raichur,2021,5688
Haryana,Kurukshetra,2021,7640
Meghalaya,"West garo hills",2021,7437
Odisha,Rayagada,2021,7424
Assam,Sonitpur,2021,4361
Tripura,Gomati,2021,7035
Chhattisgarh,Dhamtari,2021,4646
Assam,Bongaigaon,2021,6118
Meghalaya,"East khasi hills",2021,7082
"Madhya Pradesh",Indore,2021,7058
Punjab,Amritsar,2021,2600
Chhattisgarh,Korba,2021,5785
"Uttar Pradesh",Faizabad,2021,6668
"Madhya Pradesh","Agar malwa",2021,6658
"Jammu and Kashmir",Bandipora,2021,53756
"Uttar Pradesh",Shahjahanpur,2021,6585
Maharashtra,Parbhani,2021,6525
"Tamil Nadu",Karur,2021,5637
Manipur,Churachandpur,2021,6410
Odisha,Kalahandi,2021,6372
"Madhya Pradesh",Balaghat,2021,6362
Manipur,Ukhrul,2021,6350
Jharkhand,Dhanbad,2021,6286
Uttarakhand,Pithoragarh,2021,3929
"West Bengal",Birbhum,2021,6202
"Uttar Pradesh",Amroha,2021,6198
Nagaland,Peren,2021,2976
Nagaland,Longleng,2021,1677
"Uttar Pradesh",Hapur,2021,4164
"Uttar Pradesh",Pilibhit,2021,1111
"Uttar Pradesh",Varanasi,2021,5738
Chhattisgarh,Dantewada,2021,5293
Meghalaya,"West khasi hills",2021,6037
Tripura,"South tripura",2021,4591
Telangana,"Komaram bheem asifabad",2021,2958
Chhattisgarh,Sukma,2021,4897
Manipur,Tamenglong,2021,5860
"Madhya Pradesh",Shajapur,2021,5844
Tripura,Khowai,2021,3536
"West Bengal",Jhargram,2021,5728
"Arunachal Pradesh",Lohit,2021,5708
Haryana,Yamunanagar,2021,5670
"Arunachal Pradesh","West kameng",2021,5660
Assam,Goalpara,2021,5449
Meghalaya,"West jaintia hills",2021,5403
Gujarat,Surat,2021,5363
Karnataka,Bidar,2021,3603
Chhattisgarh,Gaurella-pendra-marwahi,2021,5063
Telangana,Medchal,2021,1851
Assam,"Dima hasao",2021,5159
Bihar,Bhojpur,2021,2024
Meghalaya,"Ri bhoi",2021,5171
"West Bengal","Medinipur west",2021,3748
"Madhya Pradesh",Ujjain,2021,2254
"Madhya Pradesh",Sheopur,2021,1240
Chhattisgarh,Raigarh,2021,4374
"Arunachal Pradesh","East siang",2021,4899
Tripura,"West tripura",2021,4869
"Uttar Pradesh",Balrampur,2021,4107
Tripura,Sepahijala,2021,4857
"Arunachal Pradesh","Papum pare",2021,4856
"Arunachal Pradesh",Tirap,2021,4832
Punjab,Ludhiana,2021,3400
Manipur,Thoubal,2021,4750
Assam,Dhubri,2021,4011
"Uttar Pradesh",Maharajganj,2021,4624
Sikkim,Mangan,2021,4573
Uttarakhand,"Pauri garhwal",2021,4543
Assam,Biswanath,2021,4528
"Arunachal Pradesh",Longding,2021,4370
Telangana,Mancherial,2021,3738
Odisha,Sundargarh,2021,4334
Maharashtra,Yavatmal,2021,4322
Tripura,"North tripura",2021,4183
Maharashtra,Washim,2021,2320
"Arunachal Pradesh","Lower siang",2021,4166
"Arunachal Pradesh",Siang,2021,4156
"Jammu and Kashmir",Pulwama,2021,53756
"Jammu and Kashmir",Samba,2021,53756
Rajasthan,Alwar,2021,3501
"Uttar Pradesh",Lucknow,2021,3980
"Uttar Pradesh",Gorakhpur,2021,1495
"Jammu and Kashmir",Ganderbal,2021,53756
Gujarat,Bhavnagar,2021,3575
Uttarakhand,Almora,2021,3228
"Arunachal Pradesh",Anjaw,2021,3720
Maharashtra,Hingoli,2021,3667
Meghalaya,"South west garo hills",2021,3651
Chhattisgarh,Kabirdham,2021,3630
"Andhra Pradesh","Spsr nellore",2021,2738
"Madhya Pradesh",Katni,2021,1348
Chhattisgarh,Narayanpur,2021,2218
Punjab,Firozepur,2021,1600
"West Bengal",Bankura,2021,3348
"Uttar Pradesh",Kaushambi,2021,575
Assam,Chirang,2021,3321
Odisha,Kandhamal,2021,3319
Uttarakhand,"Tehri garhwal",2021,3296
Bihar,Nawada,2021,2464
Bihar,Gaya,2021,994
"Arunachal Pradesh","East kameng",2021,3205
Manipur,"Imphal west",2021,3180
Mizoram,Serchhip,2021,3162
Maharashtra,Akola,2021,3157
"Arunachal Pradesh","Dibang valley",2021,3104
"Tamil Nadu",Ramanathapuram,2021,2677
Manipur,Bishnupur,2021,2950
Manipur,"Imphal east",2021,2950
"Madhya Pradesh",Damoh,2021,2416
Telangana,Yadadri,2021,960
Odisha,Ganjam,2021,2778
Assam,"West karbi anglong",2021,2739
Rajasthan,Jaipur,2021,1797
"Arunachal Pradesh","Upper siang",2021,2556
Mizoram,Lawngtlai,2021,1309
"Uttar Pradesh",Basti,2021,2534
"Madhya Pradesh",Panna,2021,1434
Punjab,Patiala,2021,53756
Assam,Kokrajhar,2021,2411
"Uttar Pradesh",Mathura,2021,608
Meghalaya,"South west khasi hills",2021,2330
Bihar,Sheikhpura,2021,1400
Tripura,Unakoti,2021,1433
Assam,Tinsukia,2021,2230
"Arunachal Pradesh",Tawang,2021,2223
Gujarat,Kheda,2021,2217
Bihar,Buxar,2021,1220
Assam,Nagaon,2021,1842
"Madhya Pradesh",Gwalior,2021,198
Maharashtra,Gondia,2021,2175
Assam,Nalbari,2021,2150
Maharashtra,Nagpur,2021,1872
Haryana,Ambala,2021,860
Bihar,Madhubani,2021,1564
Telangana,Narayanapet,2021,1536
"Uttar Pradesh","Gautam buddha nagar",2021,2048
Chhattisgarh,Durg,2021,1741
Punjab,Moga,2021,2000
Assam,"Kamrup metro",2021,1981
"Arunachal Pradesh",Changlang,2021,1928
"West Bengal","Paschim bardhaman",2021,1914
Punjab,Gurdaspur,2021,900
Nagaland,Noklak,2021,1891
Haryana,Sonipat,2021,1870
"Arunachal Pradesh","Upper subansiri",2021,1838
Meghalaya,"South garo hills",2021,1794
Uttarakhand,Haridwar,2021,1783
"Uttar Pradesh",Mirzapur,2021,1772
"Uttar Pradesh",Pratapgarh,2021,1519
Meghalaya,"East garo hills",2021,1596
Odisha,Anugul,2021,1592
"West Bengal","24 paraganas north",2021,1491
"Uttar Pradesh","Ambedkar nagar",2021,1575
Assam,Barpeta,2021,1565
Mizoram,Kolasib,2021,1561
Chhattisgarh,Bijapur,2021,1198
Uttarakhand,Champawat,2021,1517
"Uttar Pradesh",Fatehpur,2021,836
Punjab,Fazilka,2021,800
Maharashtra,Chandrapur,2021,1498
"West Bengal","24 paraganas south",2021,721
"Uttar Pradesh",Agra,2021,664
Gujarat,Dang,2021,1411
"Arunachal Pradesh","Lower subansiri",2021,1399
"Uttar Pradesh","Sant kabeer nagar",2021,1368
"Uttar Pradesh",Ghazipur,2021,1364
Assam,Udalguri,2021,1363
Uttarakhand,"Uttar kashi",2021,1348
Chhattisgarh,Raipur,2021,1345
Bihar,Jehanabad,2021,765
"Arunachal Pradesh","Pakke kessang",2021,1331
Odisha,Jharsuguda,2021,1303
Assam,Baksa,2021,1298
Karnataka,Yadgir,2021,537
Haryana,Hisar,2021,90
Telangana,Nalgonda,2021,1241
Odisha,Malkangiri,2021,1241
Mizoram,Aizawl,2021,1079
Odisha,Nayagarh,2021,1207
Assam,Dhemaji,2021,1198
"Uttar Pradesh",Amethi,2021,1087
Mizoram,Mamit,2021,511
Haryana,Karnal,2021,1170
Mizoram,Champhai,2021,1163
"Arunachal Pradesh",Kamle,2021,1140
Chhattisgarh,Bilaspur,2021,716
Gujarat,Mahesana,2021,1123
Punjab,Sangrur,2021,800
Punjab,"Fatehgarh sahib",2021,53756
Chhattisgarh,Janjgir-champa,2021,719
Odisha,Deogarh,2021,1048
"Arunachal Pradesh","West siang",2021,1032
"Uttar Pradesh",Jhansi,2021,1013
Mizoram,Lunglei,2021,832
Chhattisgarh,Bemetara,2021,505
"Madhya Pradesh",Satna,2021,233
Odisha,Mayurbhanj,2021,972
"West Bengal",Hooghly,2021,954
"Arunachal Pradesh",Leparada,2021,958
"Uttar Pradesh","Sant ravidas nagar",2021,956
Maharashtra,Sindhudurg,2021,944
Chhattisgarh,Balod,2021,512
"Uttar Pradesh",Mau,2021,931
Gujarat,Navsari,2021,916
"Uttar Pradesh",Bareilly,2021,912
"Uttar Pradesh",Meerut,2021,897
"Madhya Pradesh",Rewa,2021,549
Maharashtra,Wardha,2021,843
"Uttar Pradesh",Jalaun,2021,21
Uttarakhand,"Rudra prayag",2021,828
Telangana,Suryapet,2021,208
Meghalaya,"East jaintia hills",2021,814
Punjab,Faridkot,2021,800
Punjab,"Tarn taran",2021,800
Maharashtra,Bhandara,2021,774
Mizoram,Saitual,2021,608
Uttarakhand,"Udam singh nagar",2021,763
Assam,Hojai,2021,747
Bihar,"Kaimur (bhabua)",2021,368
Rajasthan,"Sawai madhopur",2021,578
Assam,Lakhimpur,2021,706
"West Bengal","Medinipur east",2021,706
"Uttar Pradesh",Rampur,2021,339
"Uttar Pradesh",Ghaziabad,2021,5
Rajasthan,Dausa,2021,440
Gujarat,Gandhinagar,2021,623
Assam,"South salmara mancachar",2021,588
"Jammu and Kashmir",Shopian,2021,53756
Meghalaya,"North garo hills",2021,577
"West Bengal","Purba bardhaman",2021,195
Mizoram,Saiha,2021,545
"Arunachal Pradesh","Kra daadi",2021,538
Gujarat,Rajkot,2021,47
Haryana,Panipat,2021,130
Uttarakhand,Bageshwar,2021,487
"Arunachal Pradesh","Shi yomi",2021,478
Bihar,Arwal,2021,226
Uttarakhand,Chamoli,2021,462
"Uttar Pradesh","Rae bareli",2021,85
"Arunachal Pradesh","Kurung kumey",2021,437
"Uttar Pradesh",Allahabad,2021,425
Punjab,Mansa,2021,400
Punjab,Barnala,2021,53756
Punjab,Malerkotla,2021,400
Punjab,Bathinda,2021,400
Haryana,Jhajjar,2021,390
"Madhya Pradesh",Niwari,2021,54
Odisha,Sambalpur,2021,366
Assam,Majuli,2021,352
"Uttar Pradesh","Siddharth nagar",2021,340
Haryana,Kaithal,2021,80
Mizoram,Hnahthial,2021,330
"Madhya Pradesh",Tikamgarh,2021,197
"Tamil Nadu",Nagapattinam,2021,53756
"Uttar Pradesh",Shamli,2021,164
Assam,Sivasagar,2021,243
Odisha,Dhenkanal,2021,291
Haryana,Rohtak,2021,290
"Uttar Pradesh",Moradabad,2021,175
Maharashtra,Thane,2021,281
Chhattisgarh,"Baloda bazar",2021,276
"Tamil Nadu",Sivaganga,2021,276
"Tamil Nadu",Mayiladuthurai,2021,271
"West Bengal",Howrah,2021,226
Chhattisgarh,Mahasamund,2021,190
Gujarat,Morbi,2021,53756
Gujarat,Amreli,2021,264
"Madhya Pradesh",Chhatarpur,2021,229
"Himachal Pradesh",Kinnaur,2021,249
Gujarat,Anand,2021,248
Haryana,Fatehabad,2021,60
Assam,Dibrugarh,2021,213
Haryana,Faridabad,2021,90
Karnataka,Udupi,2021,189
Mizoram,Khawzawl,2021,216
Gujarat,Bharuch,2021,84
Haryana,Palwal,2021,210
Odisha,Bargarh,2021,203
Haryana,Sirsa,2021,60
Gujarat,Patan,2021,195
Assam,Jorhat,2021,104
"Uttar Pradesh",Muzaffarnagar,2021,87
Kerala,Palakkad,2021,190
Gujarat,Kachchh,2021,188
"Jammu and Kashmir",Srinagar,2021,53756
Assam,Cachar,2021,177
Assam,Golaghat,2021,173
Haryana,Bhiwani,2021,20
"Uttar Pradesh",Chandauli,2021,164
Haryana,Jind,2021,30
Odisha,Cuttack,2021,153
"Tamil Nadu",Thiruvarur,2021,147
"Uttar Pradesh",Bijnor,2021,53756
Gujarat,"Gir somnath",2021,139
